{"aucroc": 0.9870177777777777, "f1": 0.8373229211908434, "accuracy": 0.84, "precision": 0.8475766239494484}