{"lr": 0.001, "data_time": 0.008671975135803223, "grad_norm": 2.6818705081939695, "loss": 1.8172674894332885, "time": 2.46974937915802, "epoch": 1, "iter": 50, "step": 50}
{"lr": 0.001, "data_time": 0.017272448539733885, "grad_norm": 2.892778778076172, "loss": 1.787657582759857, "time": 2.600411295890808, "epoch": 1, "iter": 100, "step": 100}
{"lr": 0.001, "data_time": 0.008656907081604003, "grad_norm": 2.3398348808288576, "loss": 1.6678375244140624, "time": 2.1588207960128782, "epoch": 1, "iter": 150, "step": 150}
{"lr": 0.001, "data_time": 0.02293052673339844, "grad_norm": 2.9482016801834106, "loss": 1.7752370476722716, "time": 2.3221445322036742, "epoch": 1, "iter": 200, "step": 200}
{"lr": 0.001, "data_time": 0.005475664138793945, "grad_norm": 2.692328953742981, "loss": 1.4872056484222411, "time": 1.8230061054229736, "epoch": 1, "iter": 250, "step": 250}
{"lr": 0.001, "data_time": 0.005844879150390625, "grad_norm": 2.4839101433753967, "loss": 1.6761317491531371, "time": 1.970931601524353, "epoch": 1, "iter": 300, "step": 300}
{"lr": 0.001, "data_time": 0.006185221672058106, "grad_norm": 2.5326617479324343, "loss": 1.5804797887802124, "time": 1.934834885597229, "epoch": 1, "iter": 350, "step": 350}
{"accuracy/top1": 75.20000457763672, "accuracy/top5": 97.5999984741211, "data_time": 0.03206804394721985, "time": 0.45437704026699066, "step": 1}
{"lr": 0.0009757729755661011, "data_time": 0.0059222221374511715, "grad_norm": 2.5364833235740663, "loss": 1.452471661567688, "time": 1.957063126564026, "epoch": 2, "iter": 440, "step": 440}
{"lr": 0.0009757729755661011, "data_time": 0.005180263519287109, "grad_norm": 2.404769492149353, "loss": 1.425362229347229, "time": 1.7367314100265503, "epoch": 2, "iter": 490, "step": 490}
{"lr": 0.0009757729755661011, "data_time": 0.006713676452636719, "grad_norm": 2.380229187011719, "loss": 1.597322165966034, "time": 2.013346314430237, "epoch": 2, "iter": 540, "step": 540}
{"lr": 0.0009757729755661011, "data_time": 0.005615234375, "grad_norm": 2.4654436349868774, "loss": 1.5528350353240967, "time": 1.7775204181671143, "epoch": 2, "iter": 590, "step": 590}
{"lr": 0.0009757729755661011, "data_time": 0.005121111869812012, "grad_norm": 2.335650682449341, "loss": 1.5500199794769287, "time": 1.7942673921585084, "epoch": 2, "iter": 640, "step": 640}
{"lr": 0.0009757729755661011, "data_time": 0.006215739250183106, "grad_norm": 2.3282529711723328, "loss": 1.4406446099281311, "time": 1.825690007209778, "epoch": 2, "iter": 690, "step": 690}
{"lr": 0.0009757729755661011, "data_time": 0.00586698055267334, "grad_norm": 2.3648985743522646, "loss": 1.3780573010444641, "time": 1.8762326002120973, "epoch": 2, "iter": 740, "step": 740}
{"accuracy/top1": 77.4000015258789, "accuracy/top5": 98.0, "data_time": 0.04316799780901741, "time": 0.4813230879166547, "step": 2}
{"lr": 0.000905463412215599, "data_time": 0.005811023712158203, "grad_norm": 2.213421356678009, "loss": 1.642364513874054, "time": 1.9874271631240845, "epoch": 3, "iter": 830, "step": 830}
{"lr": 0.000905463412215599, "data_time": 0.00527043342590332, "grad_norm": 2.2276471495628356, "loss": 1.559134602546692, "time": 1.7879810094833375, "epoch": 3, "iter": 880, "step": 880}
{"lr": 0.000905463412215599, "data_time": 0.008521056175231934, "grad_norm": 2.2172312498092652, "loss": 1.5050725758075714, "time": 1.763247299194336, "epoch": 3, "iter": 930, "step": 930}
{"lr": 0.000905463412215599, "data_time": 0.0051037311553955075, "grad_norm": 2.3111955642700197, "loss": 1.576184868812561, "time": 1.921466326713562, "epoch": 3, "iter": 980, "step": 980}
{"lr": 0.000905463412215599, "data_time": 0.005463838577270508, "grad_norm": 2.1561591386795045, "loss": 1.411076647043228, "time": 1.920330286026001, "epoch": 3, "iter": 1030, "step": 1030}
{"lr": 0.000905463412215599, "data_time": 0.005525517463684082, "grad_norm": 2.132583487033844, "loss": 1.6090766668319703, "time": 1.7120779514312745, "epoch": 3, "iter": 1080, "step": 1080}
{"lr": 0.000905463412215599, "data_time": 0.0061561822891235355, "grad_norm": 2.2610446333885195, "loss": 1.1919326424598693, "time": 2.0361839532852173, "epoch": 3, "iter": 1130, "step": 1130}
{"accuracy/top1": 80.5999984741211, "accuracy/top5": 98.5999984741211, "data_time": 0.01668875357683967, "time": 0.5084469739128562, "step": 3}
{"lr": 0.0007959536998847743, "data_time": 0.005337023735046386, "grad_norm": 2.4054826974868773, "loss": 1.4574368238449096, "time": 2.0067517518997193, "epoch": 4, "iter": 1220, "step": 1220}
{"lr": 0.0007959536998847743, "data_time": 0.005172228813171387, "grad_norm": 2.158114755153656, "loss": 1.382322096824646, "time": 1.7268483638763428, "epoch": 4, "iter": 1270, "step": 1270}
{"lr": 0.0007959536998847743, "data_time": 0.0057269811630249025, "grad_norm": 2.1040449023246763, "loss": 1.224162471294403, "time": 1.7632448196411132, "epoch": 4, "iter": 1320, "step": 1320}
{"lr": 0.0007959536998847743, "data_time": 0.005060768127441407, "grad_norm": 2.209604275226593, "loss": 1.3874908089637756, "time": 1.800745964050293, "epoch": 4, "iter": 1370, "step": 1370}
{"lr": 0.0007959536998847743, "data_time": 0.005459308624267578, "grad_norm": 2.042846989631653, "loss": 1.314429622888565, "time": 1.7290875434875488, "epoch": 4, "iter": 1420, "step": 1420}
{"lr": 0.0007959536998847743, "data_time": 0.01234748363494873, "grad_norm": 1.9732550024986266, "loss": 1.4516031742095947, "time": 1.8326915740966796, "epoch": 4, "iter": 1470, "step": 1470}
{"lr": 0.0007959536998847743, "data_time": 0.006136083602905273, "grad_norm": 2.076587212085724, "loss": 1.777345848083496, "time": 1.9478881359100342, "epoch": 4, "iter": 1520, "step": 1520}
{"accuracy/top1": 80.4000015258789, "accuracy/top5": 98.20000457763672, "data_time": 0.017286076265222886, "time": 0.4798472208135268, "step": 4}
{"lr": 0.000657963412215599, "data_time": 0.0053425788879394535, "grad_norm": 2.0422380447387694, "loss": 1.2713706731796264, "time": 2.0772947311401366, "epoch": 5, "iter": 1610, "step": 1610}
{"lr": 0.000657963412215599, "data_time": 0.005847525596618652, "grad_norm": 2.112508761882782, "loss": 1.3764413833618163, "time": 1.8826807498931886, "epoch": 5, "iter": 1660, "step": 1660}
{"lr": 0.000657963412215599, "data_time": 0.005261969566345215, "grad_norm": 2.2042885780334474, "loss": 1.3260749101638794, "time": 1.740724754333496, "epoch": 5, "iter": 1710, "step": 1710}
{"lr": 0.000657963412215599, "data_time": 0.005523824691772461, "grad_norm": 2.1836761593818665, "loss": 1.1890505015850068, "time": 1.7172667980194092, "epoch": 5, "iter": 1760, "step": 1760}
{"lr": 0.000657963412215599, "data_time": 0.005424904823303223, "grad_norm": 2.163504123687744, "loss": 1.2282805502414704, "time": 1.7581864833831786, "epoch": 5, "iter": 1810, "step": 1810}
{"lr": 0.000657963412215599, "data_time": 0.005577278137207031, "grad_norm": 2.19392124414444, "loss": 1.4828423023223878, "time": 1.7046476125717163, "epoch": 5, "iter": 1860, "step": 1860}
{"lr": 0.000657963412215599, "data_time": 0.0052568912506103516, "grad_norm": 2.2182446479797364, "loss": 1.4072068929672241, "time": 1.694397234916687, "epoch": 5, "iter": 1910, "step": 1910}
{"accuracy/top1": 82.4000015258789, "accuracy/top5": 98.5999984741211, "data_time": 0.01642006986281451, "time": 0.43700393508462343, "step": 5}
{"lr": 0.000505, "data_time": 0.005190467834472657, "grad_norm": 2.1194291591644285, "loss": 1.3330426454544066, "time": 1.828405737876892, "epoch": 6, "iter": 2000, "step": 2000}
{"lr": 0.000505, "data_time": 0.004702186584472657, "grad_norm": 1.9710835695266724, "loss": 1.3346698462963105, "time": 1.7148279190063476, "epoch": 6, "iter": 2050, "step": 2050}
{"lr": 0.000505, "data_time": 0.0050373077392578125, "grad_norm": 2.456801164150238, "loss": 1.1914206743240356, "time": 1.7118623971939086, "epoch": 6, "iter": 2100, "step": 2100}
{"lr": 0.000505, "data_time": 0.005519890785217285, "grad_norm": 2.121213448047638, "loss": 1.369894564151764, "time": 1.7374697208404541, "epoch": 6, "iter": 2150,