{"_wandb":{"runtime":7306},"time":0.42595162111170154,"_runtime":7306,"loss":1.148411214351654,"lr":3.4227024433899005e-05,"iter":3860,"grad_norm":2.322216439247131,"_timestamp":1.7675742800488582e+09,"_step":79,"epoch":10,"data_time":0.013372295043047737,"accuracy/top1":86.80000305175781,"accuracy/top5":99.4000015258789}